Center,Publ_year,Sphere,Type,Medium
bez umolky,2003,art,story,journal
bez umolky,2001,art,narrative,journal
bez umolky,2001,art,narrative,journal
bez umolky,2001,art,narrative,journal
bez umolky,2001,art,narrative,journal
bez umolky,1996,art,story,journal
bez umolky,1963,art,narrative,book
bez umolky,1990,art,story,book
bez umolky,1993,art,art,book
bez umolky,1991,art,story,book
bez umolky,2000,art,story,book
bez umolky,2003,art,narrative,book
bez umolky,1959,art,piece,book
bez umolky,2015,art,roman,book
bez umolky,2015,art,roman,book
bez umolky,2013,art,roman,journal
bez umolky,2013,blog,forum,Internet
bez umolky,2012,art,roman,book
bez umolky,2013,art,roman,book
bez umolky,2012,art,roman,book
bez umolky,2012,art,roman,book
bez umolky,2012,art,roman,book
bez umolky,2012,art,roman,book
bez umolky,2007,art,narrative,book
bez umolky,2011,art,roman,book
bez umolky,2010,publicism,monograph,journal
bez umolky,2010,art,roman,journal
bez umolky,2010,publicism,article,journal
bez umolky,2010,everyday,letter,Internet
bez umolky,2010,art,roman,journal
bez umolky,2010,art,roman,book
bez umolky,2009,art,narrative,book
bez umolky,2009,art,narrative,book
bez umolky,2009,art,narrative,book
bez umolky,2009,art,narrative,book
bez umolky,2009,art,roman,book
bez umolky,2010,art,roman,journal
bez umolky,2009,art,roman,book
bez umolky,2007,art,roman,journal
bez umolky,2007,art,roman,journal
bez umolky,2006,publicism,article,journal
bez umolky,2006,publicism,article,journal
bez umolky,2005,art,roman,book
bez umolky,2005,art,roman,book
bez umolky,2003,art,roman,journal
bez umolky,2004,art,roman,book
bez umolky,2004,art,roman,book
bez umolky,2004,art,roman,book
bez umolky,2004,art,roman,book
bez umolky,2005,art,roman,journal
bez umolky,2005,blog,forum,Internet
bez umolky,2004,publicism,article,newspaper
bez umolky,2004,art,roman,book
bez umolky,2003,publicism,article,newspaper
bez umolky,2003,publicism,essay,newspaper
bez umolky,2004,publicism,memoirs,book
bez umolky,2004,publicism,memoirs,book
bez umolky,2003,art,narrative,journal
bez umolky,2003,art,roman,book
bez umolky,2003,art,roman,book
bez umolky,2003,publicism,essay,newspaper
bez umolky,2003,publicism,memoirs,book
bez umolky,2003,publicism,memoirs,book
bez umolky,2003,art,art,journal
bez umolky,2003,publicism,interview,newspaper
bez umolky,2003,publicism,interview,newspaper
bez umolky,2000,art,narrative,book
bez umolky,1991,publicism,monograph,book
bez umolky,1997,publicism,memoirs,book
bez umolky,1990,art,"memoirs, roman",book
bez umolky,1990,art,"memoirs, roman",book
bez umolky,1989,art,roman,book
bez umolky,2001,art,narrative,book
bez umolky,1999,art,roman,book
bez umolky,1999,art,roman,book
bez umolky,1999,art,roman,book
bez umolky,2009,art,roman,book
bez umolky,2001,publicism,"memoirs, эссе",book
bez umolky,2004,art,narrative,book
bez umolky,2011,art,narrative,book
bez umolky,2004,art,narrative,book
bez umolky,1985,art,roman,book
bez umolky,1984,art,roman,book
bez umolky,1984,art,roman,book
bez umolky,1996,publicism,diary,book
bez umolky,1982,art,narrative,book
bez umolky,1998,art,story,book
bez umolky,1982,art,narrative,book
bez umolky,1981,art,roman,journal
bez umolky,1991,art,roman,book
bez umolky,1999,art,story,book
bez umolky,1980,art,story,journal
bez umolky,2002,art,story,book
bez umolky,1987,art,roman,book
bez umolky,2008,art,roman,book
bez umolky,2004,art,narrative,book
bez umolky,1979,art,story,book
bez umolky,1985,art,narrative,book
bez umolky,1985,art,story,book
bez umolky,1985,art,story,book
bez umolky,1985,art,story,book
bez umolky,1990,publicism,memoirs,book
bez umolky,1990,publicism,memoirs,book
bez umolky,1977,art,roman,book
bez umolky,1977,art,roman,book